id,floor_id,node_type,name_th,name_en,pos_x,pos_y,vertical_group,location_qr_code,service_point_code,department_th,department_en,is_active,device_code
1,1,ENTRANCE,ทางเข้าหลักอาคารผู้ป่วยนอก,OPD Main Entrance,600,770,,opd1-entrance,,,1,
2,1,JUNCTION,ทางเดินกลาง OPD ชั้น 1,OPD1 Central Hall,600,600,,opd1-hall,,,1,
3,1,SERVICE_POINT,จุดประชาสัมพันธ์,Information Desk,250,420,,opd1-info,SP-OPD1-INFO,ประชาสัมพันธ์,Information,1,
4,1,SERVICE_POINT,จุดคัดกรอง,Triage Point,180,250,,opd1-triage,SP-OPD1-TRIAGE,คัดกรอง,Triage,1,
5,1,SERVICE_POINT,ห้องทำบัตร / เวชระเบียน,Medical Records / Card Room,430,250,,opd1-mr,SP-OPD1-MR,เวชระเบียน,Medical Records,1,
6,1,SERVICE_POINT,ห้องการเงิน,Cashier,770,250,,opd1-cashier,SP-OPD1-FIN,การเงิน,Finance,1,
7,1,SERVICE_POINT,ห้องจ่ายยา,Pharmacy,1050,250,,opd1-pharmacy,SP-OPD1-PHAR,จ่ายยา,Pharmacy,1,
8,1,VERTICAL_CONNECTOR,บันได 1,Stairs 1,350,120,stairs-1,,,,1,
9,1,VERTICAL_CONNECTOR,ลิฟต์ A,Elevator A,600,120,elevator-a,,,,1,
10,1,VERTICAL_CONNECTOR,ลิฟต์ B,Elevator B,850,120,elevator-b,,,,1,
11,1,KIOSK,ตู้คีออสก์ OPD ชั้น 1,OPD1 Kiosk,1050,450,,opd1-kiosk,,,,,KIOSK-OPD1-01
12,2,JUNCTION,ทางเดินกลาง OPD ชั้น 2,OPD2 Central Hall,600,600,,opd2-hall,,,1,
13,2,SERVICE_POINT,คลินิกอายุรกรรม,Internal Medicine Clinic,250,350,,opd2-im,SP-OPD2-IM,อายุรกรรม,Internal Medicine,1,
14,2,SERVICE_POINT,ห้องปฏิบัติการ / เจาะเลือด,Laboratory,600,350,,opd2-lab,SP-OPD2-LAB,ห้องปฏิบัติการ,Laboratory,1,
15,2,SERVICE_POINT,จุดตรวจคัดกรองเบื้องต้น,Pre-screening,950,350,,opd2-pre,SP-OPD2-PRE,คัดกรองเบื้องต้น,Pre-screening,1,
16,2,JUNCTION,ทางเดินฝั่งตะวันตก OPD ชั้น 2,OPD2 West Corridor,250,200,,opd2-west,,,1,
17,2,JUNCTION,ทางเดินฝั่งตะวันออก OPD ชั้น 2,OPD2 East Corridor,950,200,,opd2-east,,,1,
18,2,VERTICAL_CONNECTOR,บันได 1,Stairs 1,350,120,stairs-1,,,,1,
19,2,VERTICAL_CONNECTOR,ลิฟต์ A,Elevator A,600,120,elevator-a,,,,1,
20,2,VERTICAL_CONNECTOR,ลิฟต์ B,Elevator B,850,120,elevator-b,,,,1,
21,3,JUNCTION,ทางเดินกลาง OPD ชั้น 3,OPD3 Central Hall,600,600,,opd3-hall,,,1,
22,3,SERVICE_POINT,คลินิกศัลยกรรมทั่วไป,General Surgery Clinic,250,350,,opd3-surg,SP-OPD3-SURG,ศัลยกรรมทั่วไป,General Surgery,1,
23,3,SERVICE_POINT,ศัลยกรรมกระดูกและข้อ,Orthopedics Clinic,600,350,,opd3-ortho,SP-OPD3-ORTHO,ศัลยกรรมกระดูกและข้อ,Orthopedics,1,
24,3,SERVICE_POINT,แผนกตรวจสุขภาพ,Wellness Center,950,350,,opd3-wellness,SP-OPD3-WELLNESS,ตรวจสุขภาพ,Wellness Center,1,
25,3,JUNCTION,ล็อบบี้ OPD ชั้น 3,OPD3 Lobby,600,200,,opd3-lobby,,,1,
26,3,VERTICAL_CONNECTOR,บันได 1,Stairs 1,350,120,stairs-1,,,,1,
27,3,VERTICAL_CONNECTOR,ลิฟต์ A,Elevator A,600,120,elevator-a,,,,1,
28,3,VERTICAL_CONNECTOR,ลิฟต์ B,Elevator B,850,120,elevator-b,,,,1,
29,4,JUNCTION,ทางเดินกลาง OPD ชั้น 4,OPD4 Central Hall,600,600,,opd4-hall,,,1,
30,4,SERVICE_POINT,ศูนย์จักษุ / คลินิกตา,Eye Clinic,250,350,,opd4-eye,SP-OPD4-EYE,ศูนย์จักษุ,Eye Clinic,1,
31,4,SERVICE_POINT,คลินิกหู คอ จมูก,ENT Clinic,600,350,,opd4-ent,SP-OPD4-ENT,หู คอ จมูก,ENT,1,
32,4,SERVICE_POINT,คลินิกทันตกรรม,Dental Clinic,950,350,,opd4-dental,SP-OPD4-DENTAL,ทันตกรรม,Dental,1,
33,4,JUNCTION,ล็อบบี้ OPD ชั้น 4,OPD4 Lobby,600,200,,opd4-lobby,,,1,
34,4,VERTICAL_CONNECTOR,บันได 1,Stairs 1,350,120,stairs-1,,,,1,
35,4,VERTICAL_CONNECTOR,ลิฟต์ A,Elevator A,600,120,elevator-a,,,,1,
36,4,VERTICAL_CONNECTOR,ลิฟต์ B,Elevator B,850,120,elevator-b,,,,1,
37,5,ENTRANCE,ทางเข้า ER,ER Main Entrance,600,770,,er-entrance,,,1,
38,5,JUNCTION,ทางเดินกลาง ER,ER Central Hall,600,600,,er-hall,,,1,
39,5,SERVICE_POINT,จุดคัดกรองฉุกเฉิน,ER Triage,250,400,,er-triage,SP-ER-TRIAGE,คัดกรองฉุกเฉิน,ER Triage,1,
40,5,SERVICE_POINT,แผนกอุบัติเหตุและฉุกเฉิน,Emergency Room,600,350,,er-emergency,SP-ER-EMERG,อุบัติเหตุและฉุกเฉิน,Emergency,1,
41,5,SERVICE_POINT,ศูนย์โรคหัวใจและหลอดเลือด,Heart Center,950,350,,er-heart,SP-ER-HEART,โรคหัวใจและหลอดเลือด,Heart Center,1,
42,5,SERVICE_POINT,หออภิบาลผู้ป่วยวิกฤต (ICU / ICCU),ICU / ICCU,1050,550,,er-icu,SP-ER-ICU,หออภิบาลผู้ป่วยวิกฤต,ICU / ICCU,1,
43,5,KIOSK,ตู้คีออสก์ ER,ER Kiosk,250,600,,er-kiosk,,,,,KIOSK-ER-01
44,5,SERVICE_POINT,เวชระเบียน ER,ER Registration,400,600,,er-reg,SP-ER-MR,เวชระเบียน ER,ER Registration,1,
45,1,JUNCTION,ทางเดินกลาง OPD ชั้น 1 (โถงเหนือ Hall),OPD1 Mid Corridor,600,450,,opd1-mid-corridor,,,1,
46,1,JUNCTION,ทางเดินฝั่งตะวันตก OPD ชั้น 1,OPD1 West Corridor,300,600,,opd1-west-corridor,,,1,
47,1,JUNCTION,ทางเดินฝั่งตะวันออก OPD ชั้น 1,OPD1 East Corridor,900,600,,opd1-east-corridor,,,1,
48,5,JUNCTION,ทางเดินกลาง ER (โถงเหนือ Hall),ER Mid Corridor,600,500,,er-mid-corridor,,,1,
